<?xml version="1.0" encoding="UTF-8"?>

<!--
 ~ Copyright 2012 Red Hat, Inc. and/or its affiliates.
 ~
 ~ Licensed under the Eclipse Public License version 1.0, available at
 ~ http://www.eclipse.org/legal/epl-v10.html
-->

<module xmlns="urn:jboss:module:1.0" name="javax.enterprise.deploy.api">
    <resources>
        <resource-root path="jboss-jad-api_1.2_spec-1.0.1.Final.jar"/>
        <!-- Insert resources here -->
    </resources>

    <dependencies>
        <module name="javax.api"/>
        <module name="org.jboss.common-core"/>
        <module name="org.jboss.logging"/>
  </dependencies>
</module>
