<?xml version="1.0" encoding="UTF-8"?>

<!--
 ~ Copyright 2012 Red Hat, Inc. and/or its affiliates.
 ~
 ~ Licensed under the Eclipse Public License version 1.0, available at
 ~ http://www.eclipse.org/legal/epl-v10.html
-->

<module xmlns="urn:jboss:module:1.0" name="org.jboss.weld.spi">

    <resources>
        <resource-root path="weld-spi-1.1.Beta2.jar"/>
        <!-- Insert resources here -->
    </resources>

    <dependencies>
        <module name="javax.annotation.api"/>
        <module name="javax.api"/>
        <module name="javax.enterprise.api"/>
        <module name="javax.inject.api"/>
        <module name="javax.persistence.api"/>
        <module name="javax.servlet.api"/>
        <module name="javax.validation.api"/>
        <module name="org.jboss.weld.api"/>
    </dependencies>
</module>
