<?xml version="1.0" encoding="UTF-8"?>

<!--
 ~ Copyright 2012 Red Hat, Inc. and/or its affiliates.
 ~
 ~ Licensed under the Eclipse Public License version 1.0, available at
 ~ http://www.eclipse.org/legal/epl-v10.html
-->

<module xmlns="urn:jboss:module:1.0" name="com.sun.xml.bind">

    <resources>
        <resource-root path="jaxb-impl-2.2.jar"/>
        <resource-root path="jaxb-xjc-2.2.jar"/>
        <!-- Insert resources here -->
    </resources>

    <dependencies>
        <module name="javax.api" />
        <module name="javax.xml.bind.api" />
        <module name="javax.xml.stream.api" />
    </dependencies>
</module>
