<?xml version="1.0" encoding="UTF-8"?>

<!--
 ~ Copyright 2012 Red Hat, Inc. and/or its affiliates.
 ~
 ~ Licensed under the Eclipse Public License version 1.0, available at
 ~ http://www.eclipse.org/legal/epl-v10.html
-->

<module xmlns="urn:jboss:module:1.0" name="org.jboss.solder">
   <resources>
      <resource-root path="solder-api-3.1.0.Beta5.jar"/>
        <resource-root path="solder-impl-3.1.0.Beta5.jar"/>
        <resource-root path="solder-logging-3.1.0.Beta5.jar"/>
        <!-- Insert resources here -->
   </resources>

   <dependencies>
      <module name="javax.annotation.api" />
      <module name="javax.el.api" />
      <module name="javax.enterprise.api" />
      <module name="javax.interceptor.api" />
      <module name="javax.servlet.api" />
      <module name="org.javassist" />
      <module name="org.jboss.interceptor" />
      <module name="org.jboss.logmanager" />
      <module name="org.jboss.weld.core" />
      
      <module name="javax.api" />
   </dependencies>

</module>
