<?xml version="1.0" encoding="UTF-8"?>

<!--
 ~ Copyright 2012 Red Hat, Inc. and/or its affiliates.
 ~
 ~ Licensed under the Eclipse Public License version 1.0, available at
 ~ http://www.eclipse.org/legal/epl-v10.html
-->

<module xmlns="urn:jboss:module:1.0" name="javaee.api">
    <resources>
        <!-- Insert resources here -->
    </resources>

    <dependencies>
        <module name="javax.activation.api" export="true"/>
        <module name="javax.annotation.api" export="true"/>
        <module name="javax.ejb.api" export="true"/>
        <module name="javax.el.api" export="true"/>
        <module name="javax.enterprise.api" export="true"/>
        <module name="javax.enterprise.deploy.api" export="true"/>
        <module name="javax.inject.api" export="true"/>
        <module name="javax.interceptor.api" export="true"/>
        <module name="javax.jms.api" export="true"/>
        <module name="javax.jws.api" export="true"/>
        <module name="javax.mail.api" export="true"/>
        <module name="javax.persistence.api" export="true"/>
        <module name="javax.resource.api" export="true"/>
        <module name="javax.security.auth.message.api" export="true"/>
        <module name="javax.security.jacc.api" export="true"/>
        <module name="javax.servlet.api" export="true"/>
        <module name="javax.servlet.jsp.api" export="true"/>
        <module name="javax.transaction.api" export="true"/>
        <module name="javax.validation.api" export="true"/>
        <module name="javax.ws.rs.api" export="true"  services="export"/>
        <module name="javax.xml.bind.api" export="true"/>
        <module name="javax.xml.registry.api" export="true"/>
        <module name="javax.xml.soap.api" export="true"/>
        <module name="javax.xml.ws.api" export="true"/>

        <!-- This one always goes last. -->
        <module name="javax.api" export="true"/>
    </dependencies>
</module>
