<?xml version="1.0" encoding="UTF-8"?>

<!--
 ~ Copyright 2012 Red Hat, Inc. and/or its affiliates.
 ~
 ~ Licensed under the Eclipse Public License version 1.0, available at
 ~ http://www.eclipse.org/legal/epl-v10.html
-->

<module xmlns="urn:jboss:module:1.0" name="org.apache.httpcomponents">
    <resources>
        <resource-root path="httpclient-4.0.1.jar"/>
        <resource-root path="httpcore-4.0.1.jar"/>
        <!-- Insert resources here -->
    </resources>

    <dependencies>
        <module name="org.apache.commons.logging"/>
        <module name="org.apache.commons.codec"/>
        <module name="javax.api"/>
    </dependencies>
</module>
