<?xml version="1.0" encoding="UTF-8"?>

<!--
 ~ Copyright 2012 Red Hat, Inc. and/or its affiliates.
 ~
 ~ Licensed under the Eclipse Public License version 1.0, available at
 ~ http://www.eclipse.org/legal/epl-v10.html
-->

<module xmlns="urn:jboss:module:1.0" name="org.jboss.interceptor">

    <resources>
        <resource-root path="jboss-interceptor-core-2.0.0.CR1.jar"/>
        <!-- Insert resources here -->
    </resources>

    <dependencies>
        <module name="com.google.guava" />
        <module name="javax.interceptor.api" />
        <module name="org.javassist"/>
        <module name="org.jboss.interceptor.spi" />
        <module name="org.slf4j" />
    </dependencies>
</module>
