<?xml version="1.0" encoding="UTF-8"?>

<!--
 ~ Copyright 2012 Red Hat, Inc. and/or its affiliates.
 ~
 ~ Licensed under the Eclipse Public License version 1.0, available at
 ~ http://www.eclipse.org/legal/epl-v10.html
-->

<module xmlns="urn:jboss:module:1.0" name="org.jboss.weld.core">

    <resources>
        <resource-root path="weld-core-1.1.2.Final.jar"/>
        <resource-root path="weld-se-core-1.1.2.Final.jar"/>
        <!-- Insert resources here -->
    </resources>

    <dependencies>
        <module name="ch.qos.cal10n" />
        <module name="com.google.guava"/>
        <module name="javax.api"/>
        <module name="javax.annotation.api"/>
        <module name="javax.el.api" />
        <module name="javax.enterprise.api"/>
        <module name="javax.faces.api"/>
        <module name="javax.inject.api"/>
        <module name="javax.interceptor.api"/>
        <module name="javax.persistence.api"/>
        <module name="javax.servlet.api"/>
        <module name="javax.transaction.api"/>
        <module name="javax.validation.api"/>
        <module name="org.javassist"/>
        <module name="org.jboss.interceptor"/>
        <module name="org.jboss.interceptor.spi"/>
        <module name="org.jboss.weld.api" />
        <module name="org.jboss.weld.spi" />
        <module name="org.slf4j" />
        <module name="org.slf4j.ext" />
    </dependencies>
</module>
