<?xml version="1.0" encoding="UTF-8"?>

<!--
 ~ Copyright 2012 Red Hat, Inc. and/or its affiliates.
 ~
 ~ Licensed under the Eclipse Public License version 1.0, available at
 ~ http://www.eclipse.org/legal/epl-v10.html
-->

<module xmlns="urn:jboss:module:1.0" name="javax.xml.bind.api">


    <dependencies>
        <module name="javax.activation.api" export="true"/>
        <module name="javax.xml.stream.api"/>
        <module name="com.sun.xml.bind" services="import"/>
        <module name="javax.api"/>
    </dependencies>

    <resources>
        <resource-root path="jboss-jaxb-api_2.2_spec-1.0.4.Final.jar"/>
        <!-- Insert resources here -->
    </resources>
</module>
