<?xml version="1.0" encoding="UTF-8"?>

<!--
 ~ Copyright 2012 Red Hat, Inc. and/or its affiliates.
 ~
 ~ Licensed under the Eclipse Public License version 1.0, available at
 ~ http://www.eclipse.org/legal/epl-v10.html
-->

<module xmlns="urn:jboss:module:1.0" name="org.jboss.forge.maven.api">

   <resources>
        <resource-root path="forge-maven-api-1.4.4.Final.jar"/>
        <resource-root path="commons-cli-1.2.jar"/>
        <resource-root path="maven-aether-provider-3.0.3.jar"/>
        <resource-root path="maven-artifact-3.0.3.jar"/>
        <resource-root path="maven-compat-3.0.3.jar"/>
        <resource-root path="maven-core-3.0.3.jar"/>
        <resource-root path="maven-embedder-3.0.3.jar"/>
        <resource-root path="maven-model-3.0.3.jar"/>
        <resource-root path="maven-model-builder-3.0.3.jar"/>
        <resource-root path="maven-plugin-api-3.0.3.jar"/>
        <resource-root path="maven-repository-metadata-3.0.3.jar"/>
        <resource-root path="maven-settings-3.0.3.jar"/>
        <resource-root path="maven-settings-builder-3.0.3.jar"/>
        <resource-root path="wagon-file-2.0.jar"/>
        <resource-root path="wagon-http-lightweight-2.0.jar"/>
        <resource-root path="wagon-http-shared4-2.0.jar"/>
        <resource-root path="wagon-provider-api-1.0-beta-7.jar"/>
        <resource-root path="plexus-classworlds-2.4.jar"/>
        <resource-root path="plexus-component-annotations-1.5.5.jar"/>
        <resource-root path="plexus-interpolation-1.14.jar"/>
        <resource-root path="plexus-utils-2.0.6.jar"/>
        <resource-root path="aether-api-1.11.jar"/>
        <resource-root path="aether-connector-wagon-1.11.jar"/>
        <resource-root path="aether-impl-1.11.jar"/>
        <resource-root path="aether-spi-1.11.jar"/>
        <resource-root path="aether-util-1.11.jar"/>
        <resource-root path="plexus-cipher-1.4.jar"/>
        <resource-root path="plexus-sec-dispatcher-1.3.jar"/>
        <resource-root path="sisu-inject-bean-2.1.1.jar"/>
        <resource-root path="sisu-inject-plexus-2.1.1.jar"/>
        <resource-root path="sisu-guice-2.9.4-no_aop.jar"/>
        <!-- Insert resources here -->
   </resources>

   <dependencies>
      <module name="javax.api" />
      <module name="org.jboss.forge.shell.api" />
   </dependencies>
   
</module>
