<?xml version="1.0" encoding="UTF-8"?>

<!--
 ~ Copyright 2012 Red Hat, Inc. and/or its affiliates.
 ~
 ~ Licensed under the Eclipse Public License version 1.0, available at
 ~ http://www.eclipse.org/legal/epl-v10.html
-->

<module xmlns="urn:jboss:module:1.0" name="javax.servlet.jstl.api">
    <dependencies>
        <!-- org.xml.sax -->
        <module name="javax.api" export="false"/>
        <module name="javax.servlet.api" export="false"/>
        <module name="javax.servlet.jsp.api" export="false"/>
        <module name="org.apache.xalan" export="false"/>
    </dependencies>

    <resources>
        <resource-root path="jboss-jstl-api_1.2_spec-1.0.3.Final.jar"/>
        <!-- Insert resources here -->
    </resources>
</module>
