<?xml version="1.0" encoding="UTF-8"?>

<!--
 ~ Copyright 2012 Red Hat, Inc. and/or its affiliates.
 ~
 ~ Licensed under the Eclipse Public License version 1.0, available at
 ~ http://www.eclipse.org/legal/epl-v10.html
-->

<module xmlns="urn:jboss:module:1.0" name="javax.xml.soap.api">
    <dependencies>
        <module name="javax.activation.api" export="true"/>
        <module name="javax.api"/>
        <module name="org.jboss.modules"/>
    </dependencies>

    <resources>
        <resource-root path="jboss-saaj-api_1.3_spec-1.0.2.Final.jar"/>
        <!-- Insert resources here -->
    </resources>
</module>
