<?xml version="1.0" encoding="UTF-8"?>

<!--
 ~ Copyright 2012 Red Hat, Inc. and/or its affiliates.
 ~
 ~ Licensed under the Eclipse Public License version 1.0, available at
 ~ http://www.eclipse.org/legal/epl-v10.html
-->

<module xmlns="urn:jboss:module:1.0" name="org.jboss.seam.render">
   <resources>
      <resource-root path="seam-render-1.0.0.Final.jar"/>
        <!-- Insert resources here -->
   </resources>

   <dependencies>
      <module name="javax.enterprise.api" />
      <module name="org.jboss.forge" />
      <module name="org.jboss.solder" />
      <module name="org.mvel" />
      <module name="javax.api" />
   </dependencies>
</module>
