<?xml version="1.0" encoding="UTF-8"?>

<!--
 ~ Copyright 2012 Red Hat, Inc. and/or its affiliates.
 ~
 ~ Licensed under the Eclipse Public License version 1.0, available at
 ~ http://www.eclipse.org/legal/epl-v10.html
-->

<module xmlns="urn:jboss:module:1.0" name="javax.xml.stream.api">

    <dependencies>
        <system export="true">
            <paths>
                <path name="javax/xml/stream"/>
                <path name="javax/xml/stream/events"/>
                <path name="javax/xml/stream/util"/>
            </paths>
        </system>
    </dependencies>
</module>
