<?xml version="1.0" encoding="UTF-8"?>

<!--
 ~ Copyright 2012 Red Hat, Inc. and/or its affiliates.
 ~
 ~ Licensed under the Eclipse Public License version 1.0, available at
 ~ http://www.eclipse.org/legal/epl-v10.html
-->

<module xmlns="urn:jboss:module:1.0" name="org.jboss.forge.shell.api">

   <resources>
        <resource-root path="forge-shell-api-1.4.4.Final.jar"/>
        <!-- Insert resources here -->
   </resources>

   <dependencies>
      <module name="javax.annotation.api" export="true" />
      <module name="javax.enterprise.api" export="true" />
      <module name="javax.interceptor.api" />
      
      <module name="org.javassist" export="true" />
      <module name="org.jboss.interceptor" export="true" />
      <module name="org.jboss.weld.core" export="true" />
      
      <module name="org.jboss.forge.parser.java.api" export="true" services="export">
         <imports>
            <include path="**" />
            <include path="META-INF" />
         </imports>
      </module>
      
      <module name="org.jboss.forge.parser.java.impl" export="true" services="export">
         <imports>
            <include path="**" />
            <include path="META-INF" />
         </imports>
      </module>
      
      <module name="org.jboss.forge.parser.xml" export="true" services="export">
         <imports>
            <include path="**" />
            <include path="META-INF" />
         </imports>
      </module>
      
      <module name="org.jboss.forge.event-bus" export="true" />

      <module name="org.jboss.solder" export="true" />

      <module name="javax.api" />
		<module name="sun.jdk" />
   </dependencies>
   
</module>
