<?xml version="1.0" encoding="UTF-8"?>

<!--
 ~ Copyright 2012 Red Hat, Inc. and/or its affiliates.
 ~
 ~ Licensed under the Eclipse Public License version 1.0, available at
 ~ http://www.eclipse.org/legal/epl-v10.html
-->

<module xmlns="urn:jboss:module:1.0" name="javax.resource.api">
    <dependencies>
        <module name="javax.transaction.api" export="true"/>
        <module name="javax.api" export="false">
            <exports>
                <include path="javax/naming"/>
            </exports>
        </module>
    </dependencies>

    <resources>
        <resource-root path="jboss-connector-api_1.6_spec-1.0.1.Final.jar"/>
        <!-- Insert resources here -->
    </resources>
</module>
