<?xml version="1.0" encoding="UTF-8"?>

<!--
 ~ Copyright 2012 Red Hat, Inc. and/or its affiliates.
 ~
 ~ Licensed under the Eclipse Public License version 1.0, available at
 ~ http://www.eclipse.org/legal/epl-v10.html
-->

<module xmlns="urn:jboss:module:1.0" name="org.jboss.forge.git">

   <resources>
        <resource-root path="jsch-0.1.46.jar"/>
        <resource-root path="forge-git-tools-1.4.4.Final.jar"/>
        <resource-root path="org.eclipse.jgit-2.3.1.201302201838-r.jar"/>
        <!-- Insert resources here -->
   </resources>

   <dependencies>
      <module name="javax.api" />
      <module name="org.jboss.forge.shell.api"/>
   </dependencies>
   
</module>
