<?xml version="1.0" encoding="UTF-8"?>

<!--
 ~ Copyright 2012 Red Hat, Inc. and/or its affiliates.
 ~
 ~ Licensed under the Eclipse Public License version 1.0, available at
 ~ http://www.eclipse.org/legal/epl-v10.html
-->

<module xmlns="urn:jboss:module:1.0" name="org.jboss.forge.scaffoldx.api">

   <resources>
        <resource-root path="forge-scaffoldx-api-1.4.4.Final.jar"/>
        <resource-root path="metawidget-all-2.4.jar"/>
        <!-- Insert resources here -->
   </resources>

   <dependencies>
      <module name="org.jboss.forge.shell.api" services="import">
         <imports>
            <include path="**" />
            <include path="META-INF" />
         </imports>
      </module>
      
      <module name="org.jboss.forge.maven.api" services="import">
         <imports>
            <include path="**" />
            <include path="META-INF" />
         </imports>
      </module>
      
      <module name="org.freemarker" />
      
      <module name="javaee.api" />
      
      <module name="javax.api" />
   </dependencies>
   
</module>
