<?xml version="1.0" encoding="UTF-8"?>

<!--
 ~ Copyright 2012 Red Hat, Inc. and/or its affiliates.
 ~
 ~ Licensed under the Eclipse Public License version 1.0, available at
 ~ http://www.eclipse.org/legal/epl-v10.html
-->

<module xmlns="urn:jboss:module:1.0" name="javax.ejb.api">
    <dependencies>
        <!-- This dep is for javax.naming -->
        <module name="javax.api" export="true"/>
        <module name="javax.transaction.api" export="true"/>
        <module name="javax.xml.rpc.api" export="true"/>
    </dependencies>

    <resources>
        <resource-root path="jboss-ejb-api_3.1_spec-1.0.2.Final.jar"/>
        <!-- Insert resources here -->
    </resources>
</module>
