<?xml version="1.0" encoding="UTF-8"?>

<!--
 ~ Copyright 2012 Red Hat, Inc. and/or its affiliates.
 ~
 ~ Licensed under the Eclipse Public License version 1.0, available at
 ~ http://www.eclipse.org/legal/epl-v10.html
-->

<module xmlns="urn:jboss:module:1.0" name="org.jboss.forge.tracking">

   <resources>
      <resource-root path="forge-tracking-1.4.4.Final.jar"/>
        <!-- Insert resources here -->
   </resources>

   <dependencies>
      <module name="org.jboss.forge.shell.api" services="import">
         <imports>
            <include path="**" />
            <include path="META-INF" />
         </imports>
      </module>

      <module name="com.dmurph.JGoogleAnalyticsTracker" />
      <module name="javax.api" />
   </dependencies>

</module>
