<?xml version="1.0" encoding="UTF-8"?>

<!--
 ~ Copyright 2012 Red Hat, Inc. and/or its affiliates.
 ~
 ~ Licensed under the Eclipse Public License version 1.0, available at
 ~ http://www.eclipse.org/legal/epl-v10.html
-->

<module xmlns="urn:jboss:module:1.0" name="org.jboss.modules">
    <dependencies>
        <system export="true">
            <paths>
                <path name="org/jboss/modules"/>
                <path name="org/jboss/modules/log"/>
                <path name="org/jboss/modules/filter"/>
                <path name="org/jboss/modules/ref"/>
                <path name="org/jboss/modules/management"/>
            </paths>
        </system>
    </dependencies>
</module>
