<?xml version="1.0" encoding="UTF-8"?>

<!--
 ~ Copyright 2012 Red Hat, Inc. and/or its affiliates.
 ~
 ~ Licensed under the Eclipse Public License version 1.0, available at
 ~ http://www.eclipse.org/legal/epl-v10.html
-->

<module xmlns="urn:jboss:module:1.0" name="javax.activation.api">
    <dependencies>
        <module name="javax.api" />
        <module name="javax.mail.api" >
        	<imports><include path="META-INF"/></imports>
        </module>
	</dependencies>
    <resources>
        <resource-root path="activation-1.1.jar"/>
        <resource-root path="activation-1.1.jar"/>
        <!-- Insert resources here -->
    </resources>
</module>
