<?xml version="1.0" encoding="UTF-8"?>

<!--
 ~ Copyright 2012 Red Hat, Inc. and/or its affiliates.
 ~
 ~ Licensed under the Eclipse Public License version 1.0, available at
 ~ http://www.eclipse.org/legal/epl-v10.html
-->

<module xmlns="urn:jboss:module:1.0" name="org.jboss.forge.parser.java.impl">

   <resources>
        <resource-root path="java-parser-impl-1.1.7.Final.jar"/>
        <!-- Insert resources here -->
   </resources>

   <dependencies>
      <module name="org.eclipse.javaparser" />
      
      <module name="org.jboss.forge.parser.java.api" services="import">
         <imports>
            <include path="**" />
            <include path="META-INF" />
         </imports>
      </module>
      
      <module name="javax.api" />
   </dependencies>
   
</module>
