<?xml version="1.0" encoding="UTF-8"?>

<!--
 ~ Copyright 2012 Red Hat, Inc. and/or its affiliates.
 ~
 ~ Licensed under the Eclipse Public License version 1.0, available at
 ~ http://www.eclipse.org/legal/epl-v10.html
-->

<module xmlns="urn:jboss:module:1.0" name="javax.xml.rpc.api">
    <dependencies>
        <module name="javax.api" />
        <module name="javax.xml.soap.api" export="true"/>
        <!--  javax.xml.namespace.QName -->
        <module name="javax.api"/>
        <!--  javax.servlet.ServletContext -->
        <module name="javax.servlet.api"/>
    </dependencies>

    <resources>
        <resource-root path="jboss-jaxrpc-api_1.1_spec-1.0.1.Final.jar"/>
        <!-- Insert resources here -->
    </resources>
</module>
