<?xml version="1.0" encoding="UTF-8"?>

<!--
 ~ Copyright 2012 Red Hat, Inc. and/or its affiliates.
 ~
 ~ Licensed under the Eclipse Public License version 1.0, available at
 ~ http://www.eclipse.org/legal/epl-v10.html
-->

<module xmlns="urn:jboss:module:1.0" name="org.slf4j.ext">
    <resources>
        <resource-root path="slf4j-ext-1.5.10.jar"/>
        <!-- Insert resources here -->
    </resources>

    <dependencies>
        <module name="ch.qos.cal10n" />
        <module name="org.slf4j"/>
        <module name="org.jboss.logmanager"/>
    </dependencies>
</module>
