<?xml version="1.0" encoding="UTF-8"?>

<!--
 ~ Copyright 2012 Red Hat, Inc. and/or its affiliates.
 ~
 ~ Licensed under the Eclipse Public License version 1.0, available at
 ~ http://www.eclipse.org/legal/epl-v10.html
-->

<module xmlns="urn:jboss:module:1.0" name="javax.faces.api">
    <dependencies>
        <module name="javax.el.api" export="true"/>
        <module name="javax.servlet.api" export="true"/>
        <module name="javax.servlet.jsp.api" export="true"/>
        <module name="javax.servlet.jstl.api" export="true"/>
        <module name="javax.validation.api" export="true"/>
    </dependencies>

    <resources>
        <resource-root path="jboss-jsf-api_2.1_spec-2.0.2.Final.jar"/>
        <!-- Insert resources here -->
    </resources>
</module>
